2026-04-09 19:11:13.456519,ACTIVE,0.18,0.29
2026-04-09 19:11:13.629075,ACTIVE,0.23,0.29
2026-04-09 19:11:15.472742,ACTIVE,0.23,0.32
2026-04-09 19:11:15.649330,ACTIVE,0.36,0.3
2026-04-09 19:11:20.549943,ACTIVE,0.25,0.34
2026-04-09 19:11:20.697694,ACTIVE,0.25,0.32
2026-04-09 19:11:20.859892,ACTIVE,0.11,0.3
2026-04-09 19:11:21.024162,ACTIVE,0.15,0.31
2026-04-09 19:11:21.172253,ACTIVE,0.2,0.31
2026-04-09 19:11:21.331755,ACTIVE,0.22,0.32
2026-04-09 19:11:21.500929,ACTIVE,0.22,0.31
2026-04-09 19:11:21.663754,ACTIVE,0.22,0.31
2026-04-09 19:11:21.818436,ACTIVE,0.22,0.31
2026-04-09 19:11:22.025828,ACTIVE,0.23,0.32
2026-04-09 19:11:22.176914,ACTIVE,0.23,0.31
2026-04-09 19:11:22.330240,ACTIVE,0.22,0.31
2026-04-09 19:11:22.500123,ACTIVE,0.21,0.32
2026-04-09 19:11:22.659979,ACTIVE,0.23,0.31
2026-04-09 19:11:22.811533,ACTIVE,0.22,0.31
2026-04-09 19:11:22.961934,ACTIVE,0.23,0.3
2026-04-09 19:11:23.115585,ACTIVE,0.23,0.3
2026-04-09 19:11:23.320516,ACTIVE,0.23,0.31
2026-04-09 19:11:23.553177,ACTIVE,0.23,0.31
2026-04-09 19:11:23.718955,ACTIVE,0.23,0.31
2026-04-09 19:11:23.871262,ACTIVE,0.24,0.3
2026-04-09 19:11:24.021526,ACTIVE,0.22,0.29
2026-04-09 19:11:24.177174,ACTIVE,0.24,0.29
2026-04-09 19:11:24.326867,ACTIVE,0.22,0.28
2026-04-09 19:11:24.493352,ACTIVE,0.23,0.29
2026-04-09 19:11:24.674784,ACTIVE,0.24,0.29
2026-04-09 19:11:24.825423,ACTIVE,0.25,0.3
2026-04-09 19:11:24.982659,ACTIVE,0.23,0.3
2026-04-09 19:11:25.140063,ACTIVE,0.23,0.3
2026-04-09 19:11:25.294558,ACTIVE,0.23,0.3
2026-04-09 19:11:25.452092,ACTIVE,0.25,0.31
2026-04-09 19:11:25.763477,ACTIVE,0.09,0.3
2026-04-09 19:11:25.931981,ACTIVE,0.16,0.28
2026-04-09 19:11:26.100158,ACTIVE,0.21,0.3
2026-04-09 19:11:26.257011,ACTIVE,0.21,0.31
2026-04-09 19:11:26.415437,ACTIVE,0.23,0.3
2026-04-09 19:11:26.574060,ACTIVE,0.21,0.3
2026-04-09 19:11:26.767609,ACTIVE,0.23,0.3
2026-04-09 19:11:26.930374,ACTIVE,0.23,0.31
2026-04-09 19:11:27.080959,ACTIVE,0.22,0.31
2026-04-09 19:11:27.240313,ACTIVE,0.1,0.3
2026-04-09 19:11:27.398012,ACTIVE,0.08,0.3
2026-04-09 19:11:27.546612,ACTIVE,0.09,0.3
2026-04-09 19:11:27.730528,ACTIVE,0.1,0.31
2026-04-09 19:11:27.896547,ACTIVE,0.1,0.31
2026-04-09 19:11:28.053119,ACTIVE,0.1,0.31
2026-04-09 19:11:28.205281,ACTIVE,0.11,0.31
2026-04-09 19:11:28.358236,ACTIVE,0.1,0.31
2026-04-09 19:11:28.516048,ACTIVE,0.09,0.31
2026-04-09 19:11:28.672347,ACTIVE,0.1,0.3
2026-04-09 19:11:28.833155,ACTIVE,0.09,0.3
2026-04-09 19:11:28.996060,ACTIVE,0.09,0.3
2026-04-09 19:11:29.158043,ACTIVE,0.12,0.3
2026-04-09 19:11:29.308512,ACTIVE,0.13,0.31
2026-04-09 19:11:29.468423,ACTIVE,0.16,0.31
2026-04-09 19:11:29.986698,DROWSY,0.14,0.31
2026-04-09 19:11:30.486617,DROWSY,0.12,0.3
2026-04-09 19:11:31.001979,DROWSY,0.12,0.32
2026-04-09 19:11:31.579918,DROWSY,0.2,0.31
2026-04-09 19:11:32.214877,DROWSY,0.19,0.33
2026-04-09 19:11:32.839608,DROWSY,0.12,0.32
2026-04-09 19:11:33.418620,DROWSY,0.1,0.31
2026-04-09 19:11:34.009825,DROWSY,0.09,0.32
2026-04-09 19:11:34.624311,DROWSY,0.1,0.32
2026-04-09 19:11:35.137425,DROWSY,0.09,0.31
2026-04-09 19:11:35.655217,DROWSY,0.1,0.31
2026-04-09 19:12:17.081357,ACTIVE,0.28,0.47
2026-04-09 19:12:20.068809,ACTIVE,0.29,0.44
2026-04-09 19:12:20.243078,ACTIVE,0.3,0.45
2026-04-09 19:12:20.400206,ACTIVE,0.3,0.42
2026-04-09 19:12:20.556574,ACTIVE,0.34,0.42
2026-04-09 19:12:20.728742,ACTIVE,0.35,0.41
2026-04-09 19:12:20.879812,ACTIVE,0.34,0.38
2026-04-09 19:12:22.324232,ACTIVE,0.25,0.49
2026-04-09 19:12:23.856895,ACTIVE,0.23,0.5
2026-04-09 19:12:24.326303,ACTIVE,0.32,0.44
2026-04-09 19:12:24.646979,ACTIVE,0.35,0.35
2026-04-09 19:12:24.821768,ACTIVE,0.35,0.33
2026-04-09 19:12:25.012477,ACTIVE,0.38,0.36
2026-04-09 19:12:35.705563,ACTIVE,0.32,0.37
2026-04-09 19:12:37.889783,ACTIVE,0.26,0.41
2026-04-09 19:12:38.047116,ACTIVE,0.27,0.43
2026-04-09 19:12:38.202075,ACTIVE,0.24,0.4
2026-04-09 19:12:38.356651,ACTIVE,0.27,0.41
2026-04-09 19:12:38.511811,ACTIVE,0.27,0.38
2026-04-09 19:12:38.671108,ACTIVE,0.28,0.39
2026-04-09 19:12:39.149639,ACTIVE,0.25,0.41
2026-04-09 19:12:39.305271,ACTIVE,0.28,0.39
2026-04-09 19:12:39.992608,ACTIVE,0.28,0.39
2026-04-09 19:12:40.145220,ACTIVE,0.26,0.39
2026-04-09 19:12:40.770987,ACTIVE,0.28,0.36
2026-04-09 19:12:40.925213,ACTIVE,0.3,0.41
2026-04-09 19:12:41.085993,ACTIVE,0.31,0.34
2026-04-09 19:12:41.238629,ACTIVE,0.32,0.33
2026-04-09 19:12:41.401499,ACTIVE,0.27,0.41
2026-04-09 19:12:41.558943,ACTIVE,0.29,0.4
2026-04-09 19:12:41.720633,ACTIVE,0.27,0.38
2026-04-09 19:12:41.873687,ACTIVE,0.29,0.41
2026-04-09 19:12:42.676159,ACTIVE,0.25,0.47
2026-04-09 19:12:42.830732,ACTIVE,0.27,0.46
2026-04-09 19:12:42.984624,ACTIVE,0.28,0.47
2026-04-09 19:12:43.142850,ACTIVE,0.28,0.46
2026-04-09 19:12:43.311293,ACTIVE,0.3,0.41
2026-04-09 19:12:43.467725,ACTIVE,0.3,0.44
2026-04-09 19:12:43.808824,ACTIVE,0.27,0.43
2026-04-09 19:12:44.281667,ACTIVE,0.29,0.4
2026-04-09 19:12:44.441841,ACTIVE,0.19,0.28
2026-04-09 19:12:44.446142,ACTIVE,0.28,0.35
2026-04-09 19:12:44.621297,ACTIVE,0.24,0.31
2026-04-09 19:12:44.624716,ACTIVE,0.3,0.37
2026-04-09 19:12:44.778170,ACTIVE,0.23,0.34
2026-04-09 19:12:44.783251,ACTIVE,0.28,0.37
2026-04-09 19:12:44.936169,ACTIVE,0.19,0.34
2026-04-09 19:12:44.939863,ACTIVE,0.27,0.39
2026-04-09 19:12:45.108534,ACTIVE,0.16,0.33
2026-04-09 19:12:45.113382,ACTIVE,0.26,0.39
2026-04-09 19:12:45.263934,ACTIVE,0.2,0.3
2026-04-09 19:12:45.267924,ACTIVE,0.25,0.41
2026-04-09 19:12:45.433370,ACTIVE,0.26,0.39
2026-04-09 19:12:45.590644,ACTIVE,0.27,0.4
2026-04-09 19:12:45.595575,ACTIVE,0.16,0.28
2026-04-09 19:12:45.754317,ACTIVE,0.27,0.37
2026-04-09 19:12:45.911176,ACTIVE,0.27,0.3
2026-04-09 19:13:30.151174,ACTIVE,0.21,0.41
2026-04-09 19:13:30.410127,ACTIVE,0.23,0.38
2026-04-09 19:13:30.860787,ACTIVE,0.2,0.4
2026-04-09 19:13:31.076270,ACTIVE,0.23,0.42
2026-04-09 19:13:31.556161,ACTIVE,0.19,0.4
2026-04-09 19:13:36.369550,ACTIVE,0.24,0.32
2026-04-09 19:13:38.755945,ACTIVE,0.3,0.37
2026-04-09 19:13:38.916243,ACTIVE,0.34,0.37
2026-04-09 19:13:39.116206,ACTIVE,0.33,0.35
2026-04-09 19:13:39.276106,ACTIVE,0.3,0.33
2026-04-09 19:13:39.450802,ACTIVE,0.32,0.35
2026-04-09 19:13:39.646387,ACTIVE,0.36,0.32
2026-04-09 19:13:39.809433,ACTIVE,0.37,0.34
2026-04-09 19:13:39.982239,ACTIVE,0.38,0.33
2026-04-09 19:13:40.168572,ACTIVE,0.33,0.33
2026-04-09 19:13:40.349987,ACTIVE,0.36,0.35
2026-04-09 19:13:40.556374,ACTIVE,0.37,0.36
2026-04-09 19:13:40.738194,ACTIVE,0.36,0.34
2026-04-09 19:13:40.895286,ACTIVE,0.37,0.35
2026-04-09 19:13:41.073545,ACTIVE,0.36,0.35
2026-04-09 19:13:41.261133,ACTIVE,0.37,0.34
2026-04-09 19:13:41.451043,ACTIVE,0.35,0.32
2026-04-09 19:13:41.617645,ACTIVE,0.23,0.36
2026-04-09 19:13:41.796689,ACTIVE,0.28,0.35
2026-04-09 19:13:41.984154,ACTIVE,0.3,0.34
2026-04-09 19:13:42.179043,ACTIVE,0.33,0.35
2026-04-09 19:13:42.434763,ACTIVE,0.31,0.34
2026-04-09 19:13:42.623724,ACTIVE,0.31,0.34
2026-04-09 19:13:42.808007,ACTIVE,0.34,0.34
2026-04-09 19:13:42.960838,ACTIVE,0.34,0.34
2026-04-09 19:13:43.152816,ACTIVE,0.3,0.34
2026-04-09 19:13:43.330544,ACTIVE,0.2,0.35
2026-04-09 19:13:43.495807,ACTIVE,0.18,0.35
2026-04-09 19:13:43.683460,ACTIVE,0.24,0.34
2026-04-09 19:13:43.833222,ACTIVE,0.14,0.35
2026-04-09 19:13:44.081647,ACTIVE,0.14,0.35
2026-04-09 19:13:44.279537,ACTIVE,0.19,0.36
2026-04-09 19:13:44.463486,ACTIVE,0.12,0.36
2026-04-09 19:13:44.640059,ACTIVE,0.14,0.35
2026-04-09 19:13:44.803762,ACTIVE,0.13,0.35
2026-04-09 19:13:44.979363,ACTIVE,0.18,0.36
2026-04-09 19:13:45.147375,ACTIVE,0.15,0.37
2026-04-09 19:13:45.316024,ACTIVE,0.18,0.37
2026-04-09 19:13:45.472309,ACTIVE,0.15,0.35
2026-04-09 19:13:45.651341,ACTIVE,0.13,0.34
2026-04-09 19:13:45.814466,ACTIVE,0.18,0.38
2026-04-09 19:13:45.973506,ACTIVE,0.17,0.37
2026-04-09 19:13:46.132056,ACTIVE,0.13,0.36
2026-04-09 19:13:46.309656,ACTIVE,0.15,0.37
2026-04-09 19:13:46.797426,DROWSY,0.16,0.4
2026-04-09 19:13:47.292366,DROWSY,0.15,0.34
2026-04-09 19:13:47.884151,DROWSY,0.2,0.37
2026-04-09 19:13:48.418271,DROWSY,0.13,0.35
2026-04-09 19:13:48.978106,DROWSY,0.15,0.35
2026-04-09 19:13:49.556202,DROWSY,0.15,0.34
2026-04-09 19:13:49.784649,ACTIVE,0.35,0.36
2026-04-09 19:13:49.946165,ACTIVE,0.35,0.36
2026-04-09 19:13:50.126248,ACTIVE,0.38,0.36
2026-04-09 19:13:50.421629,ACTIVE,0.35,0.36
2026-04-09 19:13:50.640575,ACTIVE,0.34,0.34
2026-04-09 19:13:50.904555,ACTIVE,0.3,0.36
2026-04-09 19:13:51.082746,ACTIVE,0.33,0.36
2026-04-09 19:13:51.288197,ACTIVE,0.28,0.35
2026-04-09 19:13:51.476976,ACTIVE,0.29,0.36
2026-04-09 19:13:51.688980,ACTIVE,0.28,0.36
2026-04-09 19:13:51.876154,ACTIVE,0.32,0.36
2026-04-09 19:13:52.041374,ACTIVE,0.32,0.38
2026-04-09 19:13:52.261739,ACTIVE,0.26,0.37
2026-04-09 19:13:52.459917,ACTIVE,0.24,0.36
2026-04-09 19:13:52.636373,ACTIVE,0.32,0.36
2026-04-09 19:13:52.843082,ACTIVE,0.34,0.35
2026-04-09 19:13:53.005801,ACTIVE,0.34,0.37
2026-04-09 19:13:53.256922,ACTIVE,0.34,0.37
2026-04-09 19:13:53.474761,ACTIVE,0.35,0.35
2026-04-09 19:13:53.647306,ACTIVE,0.3,0.33
2026-04-09 19:13:53.807878,ACTIVE,0.37,0.35
2026-04-09 19:13:54.053252,ACTIVE,0.35,0.34
2026-04-09 19:13:54.293444,ACTIVE,0.34,0.35
2026-04-09 19:13:54.456272,ACTIVE,0.36,0.35
2026-04-09 19:13:54.660288,ACTIVE,0.36,0.36
2026-04-09 19:13:54.805246,ACTIVE,0.35,0.37
2026-04-09 19:13:54.969482,ACTIVE,0.36,0.34
2026-04-09 19:13:55.177098,ACTIVE,0.35,0.36
2026-04-09 19:13:55.350858,ACTIVE,0.31,0.37
2026-04-09 19:13:55.535398,ACTIVE,0.33,0.34
2026-04-09 19:13:55.705776,ACTIVE,0.27,0.35
2026-04-09 19:13:55.866090,ACTIVE,0.25,0.38
2026-04-09 19:13:56.032722,ACTIVE,0.3,0.4
2026-04-09 19:13:56.197060,ACTIVE,0.26,0.35
2026-04-09 19:13:56.401948,ACTIVE,0.28,0.39
2026-04-09 19:13:56.608127,ACTIVE,0.34,0.45
2026-04-09 19:13:56.817905,ACTIVE,0.31,0.33
2026-04-09 19:13:56.981422,ACTIVE,0.3,0.32
2026-04-09 19:13:57.151562,ACTIVE,0.32,0.3
2026-04-09 19:13:57.306333,ACTIVE,0.33,0.3
2026-04-09 19:17:29.744871,ACTIVE,0.4,0.45
2026-04-09 19:17:29.931088,ACTIVE,0.39,0.46
2026-04-09 19:17:30.129219,ACTIVE,0.4,0.45
2026-04-09 19:17:46.152322,ACTIVE,0.2,0.41
2026-04-09 19:20:00.228758,ACTIVE,0.29,0.4
2026-04-09 19:20:00.528755,ACTIVE,0.28,0.37
2026-04-09 19:20:00.833198,ACTIVE,0.27,0.39
2026-04-09 19:20:01.116863,ACTIVE,0.3,0.38
2026-04-09 19:20:01.347864,ACTIVE,0.3,0.4
2026-04-09 19:20:02.044643,ACTIVE,0.28,0.33
2026-04-09 19:20:02.453353,ACTIVE,0.24,0.31
2026-04-09 19:20:02.912144,ACTIVE,0.21,0.3
2026-04-09 19:20:03.398811,ACTIVE,0.2,0.3
2026-04-09 19:20:04.073950,ACTIVE,0.26,0.3
2026-04-09 19:20:04.429531,ACTIVE,0.24,0.32
2026-04-09 19:25:19.846746,ACTIVE,0.24,0.28
2026-04-09 19:25:20.251605,ACTIVE,0.21,0.49
2026-04-09 19:25:20.402243,ACTIVE,0.26,0.49
2026-04-09 19:25:20.564012,ACTIVE,0.3,0.39
2026-04-09 19:25:20.736253,ACTIVE,0.27,0.55
2026-04-09 19:25:20.865031,ACTIVE,0.35,0.46
2026-04-09 19:25:20.970112,ACTIVE,0.26,0.39
2026-04-09 19:25:21.115326,ACTIVE,0.26,0.48
2026-04-09 19:25:21.238342,ACTIVE,0.35,0.5
2026-04-09 19:25:21.498182,ACTIVE,0.34,0.45
2026-04-09 19:25:21.605484,ACTIVE,0.3,0.56
2026-04-09 19:25:21.704056,ACTIVE,0.3,0.56
2026-04-09 19:25:21.808739,ACTIVE,0.33,0.6
2026-04-09 19:25:21.891903,ACTIVE,0.3,0.47
2026-04-09 19:25:22.111901,YAWNING,0.29,0.61
2026-04-09 19:25:22.127669,ACTIVE,0.22,0.49
2026-04-09 19:25:39.521241,ACTIVE,0.29,0.3
2026-04-09 19:25:40.447275,ACTIVE,0.29,0.38
2026-04-09 19:25:40.528283,ACTIVE,0.29,0.38
2026-04-09 19:25:40.619626,ACTIVE,0.25,0.39
2026-04-09 19:25:40.694311,ACTIVE,0.24,0.36
2026-04-09 19:25:40.769294,ACTIVE,0.24,0.36
2026-04-09 19:25:40.855828,ACTIVE,0.23,0.41
2026-04-09 19:25:40.926652,ACTIVE,0.25,0.4
2026-04-09 19:25:41.008544,ACTIVE,0.25,0.4
2026-04-09 19:25:41.090211,ACTIVE,0.26,0.42
2026-04-09 19:25:41.192015,ACTIVE,0.27,0.42
2026-04-09 19:25:41.372380,ACTIVE,0.25,0.4
2026-04-09 19:25:41.456755,ACTIVE,0.25,0.4
2026-04-09 19:25:41.541000,ACTIVE,0.27,0.43
2026-04-09 19:25:41.618765,ACTIVE,0.25,0.41
2026-04-09 19:25:41.721691,ACTIVE,0.26,0.44
2026-04-09 19:25:41.827981,ACTIVE,0.26,0.44
2026-04-09 19:25:42.951146,ACTIVE,0.21,0.39
2026-04-09 19:25:43.016313,ACTIVE,0.24,0.39
2026-04-09 19:25:43.092765,ACTIVE,0.24,0.39
2026-04-09 19:25:43.152175,ACTIVE,0.25,0.42
2026-04-09 19:25:43.217601,ACTIVE,0.25,0.42
2026-04-09 19:25:43.350057,ACTIVE,0.25,0.41
2026-04-09 19:25:43.454881,ACTIVE,0.25,0.4
2026-04-09 19:25:43.533088,ACTIVE,0.25,0.4
2026-04-09 19:25:44.086580,ACTIVE,0.22,0.41
2026-04-09 19:25:44.168420,ACTIVE,0.25,0.38
2026-04-09 19:25:44.245346,ACTIVE,0.25,0.38
2026-04-09 19:25:44.403273,ACTIVE,0.25,0.4
2026-04-09 19:25:44.475629,ACTIVE,0.25,0.4
2026-04-09 19:25:44.545258,ACTIVE,0.27,0.4
2026-04-09 19:25:44.610227,ACTIVE,0.27,0.4
2026-04-09 19:25:44.777307,ACTIVE,0.28,0.39
2026-04-09 19:25:44.994615,ACTIVE,0.28,0.39
2026-04-09 19:25:45.332231,ACTIVE,0.31,0.32
2026-04-09 19:25:45.416357,ACTIVE,0.31,0.32
2026-04-09 19:25:45.489759,ACTIVE,0.31,0.37
2026-04-09 19:25:45.565381,ACTIVE,0.3,0.36
2026-04-09 19:25:45.903726,ACTIVE,0.32,0.35
2026-04-09 19:25:50.868443,ACTIVE,0.36,0.34
2026-04-09 19:25:50.940915,ACTIVE,0.36,0.34
2026-04-09 19:25:51.003660,ACTIVE,0.37,0.48
2026-04-09 19:25:51.066553,ACTIVE,0.37,0.48
2026-04-09 19:25:51.124358,ACTIVE,0.36,0.38
2026-04-09 19:25:51.233758,ACTIVE,0.36,0.39
2026-04-09 19:25:51.313633,ACTIVE,0.36,0.39
2026-04-09 19:25:51.382431,ACTIVE,0.35,0.38
2026-04-09 19:25:51.455791,ACTIVE,0.35,0.38
2026-04-09 19:25:51.516032,ACTIVE,0.34,0.4
2026-04-09 19:25:51.591983,ACTIVE,0.36,0.4
2026-04-09 19:25:51.658554,ACTIVE,0.36,0.4
2026-04-09 19:25:51.740826,ACTIVE,0.35,0.38
2026-04-09 19:25:51.818735,ACTIVE,0.35,0.38
2026-04-09 19:25:51.890446,ACTIVE,0.36,0.39
2026-04-09 19:25:51.951451,ACTIVE,0.36,0.39
2026-04-09 19:25:52.017015,ACTIVE,0.35,0.39
2026-04-09 19:25:52.081251,ACTIVE,0.35,0.39
2026-04-09 19:25:52.146351,ACTIVE,0.35,0.38
2026-04-09 19:25:52.219551,ACTIVE,0.35,0.38
2026-04-09 19:25:52.280172,ACTIVE,0.34,0.37
2026-04-09 19:25:52.342323,ACTIVE,0.35,0.41
2026-04-09 19:25:52.405396,ACTIVE,0.35,0.41
2026-04-09 19:25:52.468241,ACTIVE,0.35,0.41
2026-04-09 19:25:52.530290,ACTIVE,0.35,0.38
2026-04-09 19:25:52.593895,ACTIVE,0.35,0.38
2026-04-09 19:25:52.698524,ACTIVE,0.36,0.4
2026-04-09 19:25:52.776834,ACTIVE,0.34,0.38
2026-04-09 19:25:52.841878,ACTIVE,0.33,0.38
2026-04-09 19:25:52.921211,ACTIVE,0.33,0.38
2026-04-09 19:25:52.995939,ACTIVE,0.33,0.39
2026-04-09 19:25:53.106316,ACTIVE,0.33,0.39
2026-04-09 19:25:53.198153,ACTIVE,0.33,0.39
2026-04-09 19:25:53.301249,ACTIVE,0.35,0.36
2026-04-09 19:25:53.371042,ACTIVE,0.36,0.39
2026-04-09 19:25:53.445715,ACTIVE,0.36,0.39
2026-04-09 19:25:53.506562,ACTIVE,0.34,0.38
2026-04-09 19:25:53.601690,ACTIVE,0.36,0.39
2026-04-09 19:25:53.664790,ACTIVE,0.36,0.39
2026-04-09 19:25:53.726476,ACTIVE,0.35,0.37
2026-04-09 19:25:53.819186,ACTIVE,0.35,0.37
2026-04-09 19:25:53.884557,ACTIVE,0.35,0.38
2026-04-09 19:25:53.947381,ACTIVE,0.35,0.38
2026-04-09 19:25:54.032725,ACTIVE,0.37,0.36
2026-04-09 19:25:54.100460,ACTIVE,0.35,0.38
2026-04-09 19:25:54.163671,ACTIVE,0.35,0.38
2026-04-09 19:25:54.228485,ACTIVE,0.35,0.37
2026-04-09 19:25:54.291429,ACTIVE,0.35,0.37
2026-04-09 19:25:54.352986,ACTIVE,0.34,0.36
2026-04-09 19:25:54.478814,ACTIVE,0.35,0.37
2026-04-09 19:25:54.561290,ACTIVE,0.35,0.37
2026-04-09 19:25:54.629374,ACTIVE,0.34,0.39
2026-04-09 19:25:54.693315,ACTIVE,0.34,0.39
2026-04-09 19:25:54.753051,ACTIVE,0.33,0.36
2026-04-09 19:25:54.988145,ACTIVE,0.25,0.38
2026-04-09 19:25:55.057754,ACTIVE,0.28,0.38
2026-04-09 19:25:55.135179,ACTIVE,0.33,0.35
2026-04-09 19:25:55.228897,ACTIVE,0.33,0.35
2026-04-09 19:25:55.320644,ACTIVE,0.35,0.39
2026-04-09 19:25:55.395422,ACTIVE,0.33,0.4
2026-04-09 19:25:55.475814,ACTIVE,0.36,0.37
2026-04-09 19:25:55.555459,ACTIVE,0.36,0.37
2026-04-09 19:25:55.634218,ACTIVE,0.35,0.39
2026-04-09 19:25:55.713688,ACTIVE,0.35,0.39
2026-04-09 19:25:55.789416,ACTIVE,0.36,0.38
2026-04-09 19:25:55.866741,ACTIVE,0.31,0.37
2026-04-09 19:25:55.939925,ACTIVE,0.31,0.37
2026-04-09 19:25:56.001282,ACTIVE,0.32,0.32
2026-04-09 19:25:56.096263,ACTIVE,0.32,0.32
2026-04-09 19:25:56.187369,ACTIVE,0.31,0.36
2026-04-09 19:25:56.257130,ACTIVE,0.31,0.34
2026-04-09 19:25:56.335417,ACTIVE,0.31,0.34
2026-04-09 19:25:56.414422,ACTIVE,0.3,0.34
2026-04-09 19:25:56.493787,ACTIVE,0.32,0.32
2026-04-09 19:25:56.618380,ACTIVE,0.3,0.35
2026-04-09 19:25:56.717276,ACTIVE,0.3,0.35
2026-04-09 19:25:56.824357,ACTIVE,0.31,0.33
2026-04-09 19:25:56.899727,ACTIVE,0.29,0.35
2026-04-09 19:25:56.974278,ACTIVE,0.29,0.35
2026-04-09 19:25:57.037269,ACTIVE,0.35,0.37
2026-04-09 19:25:57.095526,ACTIVE,0.31,0.34
2026-04-09 19:25:57.162233,ACTIVE,0.31,0.34
2026-04-09 19:25:57.248716,ACTIVE,0.32,0.34
2026-04-09 19:25:57.319429,ACTIVE,0.32,0.34
2026-04-09 19:25:57.403784,ACTIVE,0.33,0.36
2026-04-09 19:25:57.477810,ACTIVE,0.32,0.33
2026-04-09 19:25:57.560605,ACTIVE,0.32,0.33
2026-04-09 19:25:57.645093,ACTIVE,0.31,0.36
2026-04-09 19:25:57.746028,ACTIVE,0.31,0.36
2026-04-09 19:25:57.835429,ACTIVE,0.32,0.34
2026-04-09 19:25:57.898550,ACTIVE,0.32,0.34
2026-04-09 19:25:58.146506,ACTIVE,0.37,0.37
2026-04-09 19:25:58.225344,ACTIVE,0.31,0.34
2026-04-09 19:25:58.289993,ACTIVE,0.31,0.34
2026-04-09 19:25:58.352933,ACTIVE,0.33,0.36
2026-04-09 19:25:58.432048,ACTIVE,0.33,0.36
2026-04-09 19:25:58.505209,ACTIVE,0.35,0.39
2026-04-09 19:25:58.583706,ACTIVE,0.35,0.39
2026-04-09 19:25:58.676399,ACTIVE,0.31,0.36
2026-04-09 19:25:58.746508,ACTIVE,0.31,0.34
2026-04-09 19:25:58.824343,ACTIVE,0.31,0.34
2026-04-09 19:25:58.894534,ACTIVE,0.37,0.36
2026-04-09 19:25:58.972984,ACTIVE,0.37,0.36
2026-04-09 19:25:59.093530,ACTIVE,0.31,0.36
2026-04-09 19:25:59.157574,ACTIVE,0.31,0.36
2026-04-09 19:25:59.220132,ACTIVE,0.31,0.36
2026-04-09 19:25:59.281283,ACTIVE,0.3,0.34
2026-04-09 19:25:59.346476,ACTIVE,0.23,0.37
2026-04-09 19:25:59.408934,ACTIVE,0.23,0.37
2026-04-09 19:25:59.523520,ACTIVE,0.21,0.32
2026-04-09 19:25:59.600451,ACTIVE,0.21,0.32
2026-04-09 19:25:59.675472,ACTIVE,0.27,0.46
2026-04-09 19:25:59.753339,ACTIVE,0.23,0.42
2026-04-09 19:25:59.874402,ACTIVE,0.26,0.46
2026-04-09 19:25:59.947200,ACTIVE,0.26,0.46
2026-04-09 19:26:00.035165,ACTIVE,0.21,0.41
2026-04-09 19:26:00.114630,ACTIVE,0.19,0.41
2026-04-09 19:26:00.190651,ACTIVE,0.19,0.41
2026-04-09 19:26:00.264125,ACTIVE,0.24,0.35
2026-04-09 19:26:00.346028,ACTIVE,0.16,0.42
2026-04-09 19:26:00.424139,ACTIVE,0.16,0.42
2026-04-09 19:26:00.494524,ACTIVE,0.15,0.46
2026-04-09 19:26:00.559679,ACTIVE,0.15,0.46
2026-04-09 19:26:00.976735,ACTIVE,0.18,0.36
2026-04-09 19:26:01.113840,ACTIVE,0.19,0.38
2026-04-09 19:26:01.207345,ACTIVE,0.19,0.38
2026-04-09 19:26:02.146368,ACTIVE,0.19,0.45
2026-04-09 19:26:02.243093,ACTIVE,0.17,0.48
2026-04-09 19:26:02.345180,ACTIVE,0.17,0.48
2026-04-09 19:26:02.824441,ACTIVE,0.2,0.46
2026-04-09 19:26:03.031324,ACTIVE,0.16,0.46
2026-04-09 19:26:03.133289,ACTIVE,0.18,0.45
2026-04-09 19:26:03.248453,ACTIVE,0.21,0.45
2026-04-09 19:26:03.346602,ACTIVE,0.21,0.45
2026-04-09 19:26:03.547101,ACTIVE,0.24,0.42
2026-04-09 19:26:03.652549,ACTIVE,0.24,0.46
2026-04-09 19:26:03.743786,ACTIVE,0.23,0.45
2026-04-09 19:26:03.917151,ACTIVE,0.23,0.45
2026-04-09 19:26:04.035242,ACTIVE,0.18,0.41
2026-04-09 19:26:04.130838,ACTIVE,0.19,0.44
2026-04-09 19:26:04.255937,ACTIVE,0.22,0.41
2026-04-09 19:26:04.358774,ACTIVE,0.22,0.41
2026-04-09 19:26:06.136530,ACTIVE,0.18,0.31
2026-04-09 19:26:06.228991,ACTIVE,0.2,0.34
2026-04-09 19:26:06.290164,ACTIVE,0.2,0.34
2026-04-09 19:26:06.353727,ACTIVE,0.19,0.31
2026-04-09 19:26:06.415816,ACTIVE,0.19,0.31
2026-04-09 19:26:06.491388,ACTIVE,0.18,0.34
2026-04-09 19:26:06.553904,ACTIVE,0.18,0.34
2026-04-09 19:26:06.631372,ACTIVE,0.19,0.34
2026-04-09 19:26:06.693641,ACTIVE,0.19,0.34
2026-04-09 19:26:06.758519,ACTIVE,0.21,0.34
2026-04-09 19:26:06.844360,ACTIVE,0.21,0.34
2026-04-09 19:26:06.910864,ACTIVE,0.23,0.32
2026-04-09 19:26:07.362331,ACTIVE,0.25,0.33
2026-04-09 19:26:07.447296,ACTIVE,0.25,0.33
2026-04-09 19:26:07.518931,ACTIVE,0.22,0.36
2026-04-09 19:26:07.594121,ACTIVE,0.22,0.36
2026-04-09 19:26:08.251305,ACTIVE,0.22,0.39
2026-04-09 19:26:08.882686,ACTIVE,0.25,0.33
2026-04-09 19:26:08.997097,ACTIVE,0.25,0.33
2026-04-09 19:26:09.160409,ACTIVE,0.22,0.32
2026-04-09 19:26:09.993678,ACTIVE,0.19,0.36
2026-04-09 19:26:10.082049,ACTIVE,0.19,0.36
2026-04-09 19:26:10.234837,ACTIVE,0.25,0.39
2026-04-09 19:26:10.359242,ACTIVE,0.25,0.39
2026-04-09 19:26:10.444919,ACTIVE,0.28,0.35
2026-04-09 19:26:10.781416,ACTIVE,0.26,0.38
2026-04-09 19:26:10.973572,ACTIVE,0.25,0.39
2026-04-09 19:26:11.039852,ACTIVE,0.25,0.39
2026-04-09 19:26:11.236817,ACTIVE,0.26,0.36
2026-04-09 19:26:21.918729,ACTIVE,0.15,0.23
2026-04-09 19:26:21.982685,ACTIVE,0.15,0.23
2026-04-09 19:26:22.053507,ACTIVE,0.15,0.23
2026-04-09 19:26:22.124277,ACTIVE,0.14,0.23
2026-04-09 19:26:22.200788,ACTIVE,0.15,0.24
2026-04-09 19:26:22.266766,ACTIVE,0.15,0.24
2026-04-09 19:26:22.345234,ACTIVE,0.14,0.23
2026-04-09 19:26:22.420445,ACTIVE,0.15,0.25
2026-04-09 19:26:22.498405,ACTIVE,0.16,0.26
2026-04-09 19:26:22.573959,ACTIVE,0.16,0.26
2026-04-09 19:26:22.660491,ACTIVE,0.15,0.26
2026-04-09 19:26:22.731468,ACTIVE,0.18,0.26
2026-04-09 19:26:23.098044,ACTIVE,0.21,0.25
2026-04-09 19:26:23.168307,ACTIVE,0.21,0.25
2026-04-09 19:26:35.606889,ACTIVE,0.23,0.3
2026-04-09 19:26:35.690714,ACTIVE,0.23,0.3
2026-04-09 19:26:35.780157,ACTIVE,0.21,0.3
2026-04-09 19:26:35.878074,ACTIVE,0.22,0.29
2026-04-09 19:26:35.966894,ACTIVE,0.18,0.29
2026-04-09 19:26:36.046870,ACTIVE,0.18,0.29
2026-04-09 19:26:36.120675,ACTIVE,0.21,0.3
2026-04-09 19:26:36.206103,ACTIVE,0.21,0.3
2026-04-09 19:26:36.299012,ACTIVE,0.22,0.3
2026-04-09 19:26:36.385720,ACTIVE,0.2,0.3
2026-04-09 19:26:36.479450,ACTIVE,0.19,0.31
2026-04-09 19:26:36.559537,ACTIVE,0.19,0.31
2026-04-09 19:26:36.633046,ACTIVE,0.19,0.3
2026-04-09 19:26:36.717320,ACTIVE,0.19,0.3
2026-04-09 19:26:36.795887,ACTIVE,0.19,0.3
2026-04-09 19:26:36.874387,ACTIVE,0.21,0.3
2026-04-09 19:26:36.965461,ACTIVE,0.2,0.3
2026-04-09 19:26:37.050224,ACTIVE,0.2,0.3
2026-04-09 19:26:37.136060,ACTIVE,0.13,0.29
2026-04-09 19:26:37.210943,ACTIVE,0.16,0.3
2026-04-09 19:26:37.297999,ACTIVE,0.16,0.3
2026-04-09 19:26:37.388561,ACTIVE,0.2,0.3
2026-04-09 19:26:37.456147,ACTIVE,0.1,0.29
2026-04-09 19:26:37.539474,ACTIVE,0.1,0.29
2026-04-09 19:26:37.623989,ACTIVE,0.1,0.3
2026-04-09 19:26:37.699455,ACTIVE,0.1,0.3
2026-04-09 19:26:37.779147,ACTIVE,0.13,0.31
2026-04-09 19:26:37.860685,ACTIVE,0.12,0.3
2026-04-09 19:26:37.941752,ACTIVE,0.12,0.3
2026-04-09 19:26:38.034290,ACTIVE,0.13,0.3
2026-04-09 19:26:38.116553,ACTIVE,0.13,0.3
2026-04-09 19:26:39.755160,DROWSY,0.13,0.3
2026-04-09 19:26:41.033053,DROWSY,0.09,0.31
2026-04-09 19:26:42.261696,DROWSY,0.1,0.31
2026-04-09 19:26:43.592608,DROWSY,0.09,0.31
2026-04-09 19:26:44.715809,DROWSY,0.11,0.3
2026-04-09 19:26:45.844674,DROWSY,0.09,0.31
2026-04-09 19:26:47.178458,DROWSY,0.09,0.31
2026-04-09 19:26:48.409302,DROWSY,0.07,0.3
2026-04-09 19:26:49.735411,DROWSY,0.11,0.31
2026-04-09 19:26:50.964576,DROWSY,0.09,0.3
2026-04-09 19:26:52.399311,DROWSY,0.15,0.3
2026-04-09 19:26:53.832547,DROWSY,0.14,0.3
2026-04-09 19:26:55.266101,DROWSY,0.13,0.38
2026-04-09 19:26:55.498026,ACTIVE,0.21,0.31
2026-04-09 19:26:55.599153,ACTIVE,0.22,0.31
2026-04-09 19:26:55.694121,ACTIVE,0.2,0.32
2026-04-09 19:26:55.843023,ACTIVE,0.21,0.3
2026-04-09 19:26:55.916502,ACTIVE,0.21,0.3
2026-04-09 19:26:56.003767,ACTIVE,0.24,0.03
2026-04-09 19:26:56.094208,ACTIVE,0.19,0.28
2026-04-09 19:26:56.170716,ACTIVE,0.19,0.28
2026-04-09 19:26:56.248504,ACTIVE,0.21,0.27
2026-04-09 19:26:56.346777,ACTIVE,0.21,0.28
2026-04-09 19:26:56.428990,ACTIVE,0.21,0.28
2026-04-09 19:26:56.509284,ACTIVE,0.19,0.29
2026-04-09 19:26:58.486961,ACTIVE,0.19,0.08
2026-04-09 19:26:58.602434,ACTIVE,0.23,0.26
2026-04-09 19:26:58.717165,ACTIVE,0.23,0.26
2026-04-09 19:26:58.819984,ACTIVE,0.22,0.24
2026-04-09 19:26:58.930725,ACTIVE,0.22,0.25
2026-04-09 19:26:59.031541,ACTIVE,0.21,0.24
2026-04-09 19:26:59.151414,ACTIVE,0.23,0.24
2026-04-09 19:26:59.256426,ACTIVE,0.25,0.23
2026-04-09 19:27:00.392610,ACTIVE,0.16,0.32
2026-04-09 19:27:00.471128,ACTIVE,0.14,0.33
2026-04-09 19:27:00.728554,ACTIVE,0.17,0.32
2026-04-09 19:27:00.807905,ACTIVE,0.17,0.32
2026-04-09 19:27:00.894699,ACTIVE,0.2,0.32
2026-04-09 19:27:00.987888,ACTIVE,0.15,0.31
2026-04-09 19:27:01.123773,ACTIVE,0.15,0.31
2026-04-09 19:27:01.294499,ACTIVE,0.24,0.34
2026-04-09 19:27:01.382831,ACTIVE,0.21,0.33
2026-04-09 19:27:01.470502,ACTIVE,0.24,0.33
2026-04-09 19:27:01.548212,ACTIVE,0.24,0.33
2026-04-09 19:27:01.619569,ACTIVE,0.3,0.38
2026-04-09 19:27:01.698071,ACTIVE,0.3,0.38
2026-04-09 19:27:01.785175,ACTIVE,0.17,0.3
2026-04-09 19:27:01.871586,ACTIVE,0.28,0.32
2026-04-09 19:27:01.945295,ACTIVE,0.28,0.32
2026-04-09 19:27:02.025088,ACTIVE,0.3,0.3
2026-04-09 19:27:02.119705,ACTIVE,0.3,0.2
2026-04-09 19:27:02.228238,ACTIVE,0.3,0.2
2026-04-09 19:27:02.561502,ACTIVE,0.24,0.33
2026-04-09 19:27:02.680539,ACTIVE,0.23,0.33
2026-04-09 19:27:02.829347,ACTIVE,0.22,0.33
2026-04-09 19:27:02.955186,ACTIVE,0.2,0.34
2026-04-09 19:27:03.069912,ACTIVE,0.22,0.35
2026-04-09 19:27:03.169995,ACTIVE,0.19,0.32
2026-04-09 19:27:03.273158,ACTIVE,0.22,0.34
2026-04-09 19:27:03.400375,ACTIVE,0.21,0.34
2026-04-09 19:27:03.516429,ACTIVE,0.23,0.33
2026-04-09 19:27:03.631256,ACTIVE,0.22,0.33
2026-04-09 19:27:03.731449,ACTIVE,0.22,0.32
2026-04-09 19:27:03.843712,ACTIVE,0.22,0.32
2026-04-09 19:27:03.972419,ACTIVE,0.23,0.33
2026-04-09 19:27:04.074119,ACTIVE,0.22,0.32
2026-04-09 19:27:04.180629,ACTIVE,0.25,0.41
2026-04-09 19:27:04.295399,ACTIVE,0.21,0.33
2026-04-09 19:27:04.403392,ACTIVE,0.2,0.34
2026-04-09 19:27:04.532302,ACTIVE,0.22,0.34
2026-04-09 19:27:04.635285,ACTIVE,0.19,0.34
2026-04-09 19:27:04.745285,ACTIVE,0.19,0.4
2026-04-09 19:27:04.858881,ACTIVE,0.22,0.45
2026-04-09 19:27:04.971720,ACTIVE,0.22,0.45
2026-04-09 19:27:05.076869,ACTIVE,0.21,0.39
2026-04-09 19:27:05.294636,ACTIVE,0.18,0.42
2026-04-09 19:27:05.370796,ACTIVE,0.21,0.46
2026-04-09 19:27:05.433712,ACTIVE,0.21,0.46
2026-04-09 19:27:05.526829,ACTIVE,0.2,0.39
2026-04-09 19:27:05.603283,ACTIVE,0.23,0.5
2026-04-09 19:27:05.743576,ACTIVE,0.23,0.5
2026-04-09 19:27:05.809145,ACTIVE,0.22,0.39
2026-04-09 19:27:05.870357,ACTIVE,0.24,0.45
2026-04-09 19:27:05.958580,ACTIVE,0.23,0.39
2026-04-09 19:27:06.033584,ACTIVE,0.23,0.39
2026-04-09 19:27:06.102785,ACTIVE,0.25,0.38
2026-04-09 19:27:06.170949,ACTIVE,0.25,0.38
2026-04-09 19:27:06.251406,ACTIVE,0.25,0.37
2026-04-09 19:27:06.328044,ACTIVE,0.25,0.37
2026-04-09 19:27:06.418419,ACTIVE,0.24,0.36
2026-04-09 19:27:06.498165,ACTIVE,0.25,0.38
2026-04-09 19:27:06.576160,ACTIVE,0.25,0.38
2026-04-09 19:27:06.654823,ACTIVE,0.23,0.37
2026-04-09 19:27:06.732736,ACTIVE,0.23,0.4
2026-04-09 19:27:06.811978,ACTIVE,0.23,0.4
2026-04-09 19:27:09.094518,ACTIVE,0.22,0.43
2026-04-09 19:30:14.015917,ACTIVE,0.16,0.31
2026-04-09 19:30:14.496145,ACTIVE,0.17,0.3
2026-04-09 19:30:14.651252,ACTIVE,0.21,0.32
2026-04-09 19:30:14.801463,ACTIVE,0.27,0.36
2026-04-09 19:30:15.001899,ACTIVE,0.19,0.33
2026-04-09 19:30:15.103076,ACTIVE,0.19,0.33
2026-04-09 19:30:15.221106,ACTIVE,0.24,0.35
2026-04-09 19:30:15.306876,ACTIVE,0.26,0.34
2026-04-09 19:30:15.431841,ACTIVE,0.22,0.32
2026-04-09 19:30:15.530547,ACTIVE,0.23,0.31
2026-04-09 19:30:15.625374,ACTIVE,0.27,0.36
2026-04-09 19:30:15.726132,ACTIVE,0.27,0.36
2026-04-09 19:30:15.814520,ACTIVE,0.21,0.32
2026-04-09 19:30:15.977396,ACTIVE,0.22,0.32
2026-04-09 19:30:16.097438,ACTIVE,0.26,0.36
2026-04-09 19:30:16.219352,ACTIVE,0.28,0.36
2026-04-09 19:30:16.348880,ACTIVE,0.26,0.34
2026-04-09 19:30:25.989010,ACTIVE,0.34,0.33
2026-04-09 19:30:26.093949,ACTIVE,0.3,0.39
2026-04-09 19:30:26.213567,ACTIVE,0.27,0.33
2026-04-09 19:30:26.329873,ACTIVE,0.24,0.34
2026-04-09 19:30:26.439380,ACTIVE,0.36,0.28
2026-04-09 19:30:26.652236,ACTIVE,0.31,0.21
2026-04-09 19:30:26.751540,ACTIVE,0.27,0.3
2026-04-09 19:30:26.956265,ACTIVE,0.25,0.31
2026-04-09 19:30:27.076599,ACTIVE,0.25,0.34
2026-04-09 19:30:27.150693,ACTIVE,0.25,0.34
2026-04-09 19:30:27.222867,ACTIVE,0.22,0.33
2026-04-09 19:30:27.299256,ACTIVE,0.22,0.33
2026-04-09 19:30:27.391826,ACTIVE,0.25,0.33
2026-04-09 19:30:27.462415,ACTIVE,0.23,0.33
2026-04-09 19:30:27.566553,ACTIVE,0.26,0.32
2026-04-09 19:30:27.633859,ACTIVE,0.26,0.32
2026-04-09 19:30:27.712912,ACTIVE,0.18,0.32
2026-04-09 19:30:27.790845,ACTIVE,0.18,0.32
2026-04-09 19:30:27.861481,ACTIVE,0.2,0.31
2026-04-09 19:30:27.938077,ACTIVE,0.2,0.31
2026-04-09 19:30:28.016429,ACTIVE,0.24,0.33
2026-04-09 19:30:28.093624,ACTIVE,0.23,0.33
2026-04-09 19:30:28.181705,ACTIVE,0.23,0.33
2026-04-09 19:30:28.248307,ACTIVE,0.24,0.33
2026-04-09 19:30:28.323617,ACTIVE,0.22,0.33
2026-04-09 19:30:28.446371,ACTIVE,0.23,0.32
2026-04-09 19:30:28.550318,ACTIVE,0.23,0.32
2026-04-09 19:30:28.629669,ACTIVE,0.22,0.32
2026-04-09 19:30:28.698589,ACTIVE,0.23,0.33
2026-04-09 19:30:28.780666,ACTIVE,0.23,0.33
2026-04-09 19:30:28.857357,ACTIVE,0.23,0.33
2026-04-09 19:30:28.964077,ACTIVE,0.24,0.33
2026-04-09 19:30:29.041896,ACTIVE,0.24,0.33
2026-04-09 19:30:29.196791,ACTIVE,0.23,0.32
2026-04-09 19:30:29.274779,ACTIVE,0.22,0.33
2026-04-09 19:30:29.354751,ACTIVE,0.24,0.33
2026-04-09 19:30:29.445753,ACTIVE,0.24,0.33
2026-04-09 19:30:29.526560,ACTIVE,0.19,0.33
2026-04-09 19:30:29.601823,ACTIVE,0.2,0.33
2026-04-09 19:30:29.697314,ACTIVE,0.24,0.33
2026-04-09 19:30:29.774378,ACTIVE,0.24,0.33
2026-04-09 19:30:29.856441,ACTIVE,0.24,0.33
2026-04-09 19:30:29.936378,ACTIVE,0.24,0.33
2026-04-09 19:30:30.004809,ACTIVE,0.25,0.32
2026-04-09 19:30:30.079182,ACTIVE,0.24,0.33
2026-04-09 19:30:30.203857,ACTIVE,0.27,0.34
2026-04-09 19:30:30.282711,ACTIVE,0.27,0.34
2026-04-09 19:30:30.379640,ACTIVE,0.19,0.33
2026-04-09 19:30:30.456817,ACTIVE,0.22,0.33
2026-04-09 19:30:30.537552,ACTIVE,0.22,0.33
2026-04-09 19:30:30.615546,ACTIVE,0.22,0.33
2026-04-09 19:30:30.710653,ACTIVE,0.21,0.34
2026-04-09 19:30:30.787860,ACTIVE,0.21,0.34
2026-04-09 19:30:30.870509,ACTIVE,0.22,0.36
2026-04-09 19:30:30.945369,ACTIVE,0.22,0.45
2026-04-09 19:30:31.023625,ACTIVE,0.22,0.45
2026-04-09 19:30:31.102559,ACTIVE,0.18,0.44
2026-04-09 19:30:31.194290,ACTIVE,0.21,0.44
2026-04-09 19:30:31.279419,ACTIVE,0.21,0.44
2026-04-09 19:30:31.351614,ACTIVE,0.26,0.43
2026-04-09 19:30:31.428055,ACTIVE,0.26,0.43
2026-04-09 19:30:31.499910,ACTIVE,0.28,0.42
2026-04-09 19:30:31.561865,ACTIVE,0.23,0.38
2026-04-09 19:30:31.708891,ACTIVE,0.19,0.37
2026-04-09 19:30:31.803477,ACTIVE,0.19,0.37
2026-04-09 19:30:31.879473,ACTIVE,0.22,0.36
2026-04-09 19:30:31.952689,ACTIVE,0.26,0.35
2026-04-09 19:30:32.034252,ACTIVE,0.26,0.35
2026-04-09 19:30:32.105506,ACTIVE,0.25,0.35
2026-04-09 19:30:32.211556,ACTIVE,0.24,0.35
2026-04-09 19:30:32.322376,ACTIVE,0.24,0.35
2026-04-09 19:30:32.450115,ACTIVE,0.24,0.35
2026-04-09 19:30:32.560972,ACTIVE,0.24,0.34
2026-04-09 19:30:32.673080,ACTIVE,0.24,0.34
2026-04-09 19:30:32.782719,ACTIVE,0.23,0.34
2026-04-09 19:30:32.889004,ACTIVE,0.2,0.35
2026-04-09 19:30:33.002786,ACTIVE,0.19,0.34
2026-04-09 19:30:33.108149,ACTIVE,0.18,0.35
2026-04-09 19:30:33.235924,ACTIVE,0.18,0.35
2026-04-09 19:30:33.358658,ACTIVE,0.21,0.34
2026-04-09 19:30:33.467375,ACTIVE,0.21,0.35
2026-04-09 19:30:33.572138,ACTIVE,0.21,0.35
2026-04-09 19:30:33.692780,ACTIVE,0.25,0.34
2026-04-09 19:30:33.800404,ACTIVE,0.25,0.33
2026-04-09 19:30:33.915841,ACTIVE,0.25,0.34
2026-04-09 19:30:34.040203,ACTIVE,0.27,0.33
2026-04-09 19:30:34.163781,ACTIVE,0.25,0.34
2026-04-09 19:30:34.268648,ACTIVE,0.23,0.34
2026-04-09 19:30:34.380543,ACTIVE,0.29,0.35
2026-04-09 19:30:34.485674,ACTIVE,0.24,0.34
2026-04-09 19:30:34.592819,ACTIVE,0.24,0.34
2026-04-09 19:30:34.707126,ACTIVE,0.24,0.34
2026-04-09 19:30:34.823804,ACTIVE,0.27,0.33
2026-04-09 19:30:34.940803,ACTIVE,0.26,0.34
2026-04-09 19:30:35.047556,ACTIVE,0.23,0.34
2026-04-09 19:30:35.160578,ACTIVE,0.28,0.34
2026-04-09 19:30:35.273070,ACTIVE,0.24,0.34
2026-04-09 19:30:35.365793,ACTIVE,0.25,0.35
2026-04-09 19:30:35.445418,ACTIVE,0.24,0.34
2026-04-09 19:30:35.525687,ACTIVE,0.24,0.34
2026-04-09 19:30:35.602769,ACTIVE,0.26,0.34
2026-04-09 19:30:35.679738,ACTIVE,0.26,0.34
2026-04-09 19:30:35.755169,ACTIVE,0.25,0.34
2026-04-09 19:30:35.832271,ACTIVE,0.22,0.33
2026-04-09 19:30:35.947500,ACTIVE,0.22,0.35
2026-04-09 19:30:36.022942,ACTIVE,0.22,0.35
2026-04-09 19:30:36.095759,ACTIVE,0.22,0.34
2026-04-09 19:30:36.188396,ACTIVE,0.22,0.34
2026-04-09 19:30:36.271276,ACTIVE,0.21,0.34
2026-04-09 19:30:36.344280,ACTIVE,0.22,0.36
2026-04-09 19:30:36.425214,ACTIVE,0.22,0.36
2026-04-09 19:30:36.500008,ACTIVE,0.21,0.34
2026-04-09 19:30:36.563169,ACTIVE,0.21,0.34
2026-04-09 19:30:36.620637,ACTIVE,0.19,0.33
2026-04-09 19:30:36.711629,ACTIVE,0.2,0.34
2026-04-09 19:30:36.787781,ACTIVE,0.2,0.34
2026-04-09 19:30:36.857477,ACTIVE,0.2,0.34
2026-04-09 19:30:36.924572,ACTIVE,0.2,0.34
2026-04-09 19:30:37.001206,ACTIVE,0.21,0.34
2026-04-09 19:30:37.079835,ACTIVE,0.19,0.35
2026-04-09 19:30:37.188603,ACTIVE,0.21,0.35
2026-04-09 19:30:37.249882,ACTIVE,0.21,0.35
2026-04-09 19:30:37.319759,ACTIVE,0.21,0.35
2026-04-09 19:30:37.394776,ACTIVE,0.18,0.34
2026-04-09 19:30:37.470095,ACTIVE,0.2,0.34
2026-04-09 19:30:37.574014,ACTIVE,0.18,0.34
2026-04-09 19:30:37.665305,ACTIVE,0.18,0.34
2026-04-09 19:30:37.731105,ACTIVE,0.2,0.33
2026-04-09 19:30:37.799055,ACTIVE,0.2,0.33
2026-04-09 19:30:37.872219,ACTIVE,0.17,0.34
2026-04-09 19:30:37.941815,ACTIVE,0.17,0.34
2026-04-09 19:30:38.025754,ACTIVE,0.19,0.34
2026-04-09 19:30:38.095427,ACTIVE,0.2,0.34
2026-04-09 19:30:38.286481,ACTIVE,0.2,0.34
2026-04-09 19:30:38.354015,ACTIVE,0.17,0.34
2026-04-09 19:30:38.420220,ACTIVE,0.17,0.34
2026-04-09 19:30:38.498747,ACTIVE,0.21,0.33
2026-04-09 19:30:38.574235,ACTIVE,0.19,0.33
2026-04-09 19:30:38.636016,ACTIVE,0.19,0.33
2026-04-09 19:30:38.723582,ACTIVE,0.19,0.34
2026-04-09 19:30:38.800273,ACTIVE,0.19,0.34
2026-04-09 19:30:38.870326,ACTIVE,0.17,0.35
2026-04-09 19:30:38.940778,ACTIVE,0.19,0.34
2026-04-09 19:30:39.084643,ACTIVE,0.18,0.35
2026-04-09 19:30:39.159012,ACTIVE,0.18,0.35
2026-04-09 19:30:39.226730,ACTIVE,0.23,0.35
2026-04-09 19:30:39.289946,ACTIVE,0.23,0.35
2026-04-09 19:30:39.356411,ACTIVE,0.19,0.34
2026-04-09 19:30:39.443496,ACTIVE,0.19,0.34
2026-04-09 19:30:39.510977,ACTIVE,0.2,0.35
2026-04-09 19:30:39.585948,ACTIVE,0.19,0.35
2026-04-09 19:30:39.665893,ACTIVE,0.19,0.35
2026-04-09 19:30:39.741083,ACTIVE,0.18,0.34
2026-04-09 19:30:39.816722,ACTIVE,0.18,0.34
2026-04-09 19:30:39.896028,ACTIVE,0.19,0.34
2026-04-09 19:30:39.969223,ACTIVE,0.18,0.33
2026-04-09 19:30:40.038694,ACTIVE,0.18,0.33
2026-04-09 19:30:40.124146,ACTIVE,0.19,0.34
2026-04-09 19:30:40.212235,ACTIVE,0.24,0.35
2026-04-09 19:30:40.292420,ACTIVE,0.24,0.35
2026-04-09 19:30:40.395461,ACTIVE,0.19,0.34
2026-04-09 19:30:40.468231,ACTIVE,0.18,0.36
2026-04-09 19:30:40.531945,ACTIVE,0.18,0.36
2026-04-09 19:30:40.607298,ACTIVE,0.18,0.33
2026-04-09 19:30:40.669939,ACTIVE,0.18,0.33
2026-04-09 19:30:40.729938,ACTIVE,0.25,0.35
2026-04-09 19:30:40.812356,ACTIVE,0.25,0.35
2026-04-09 19:30:40.898765,ACTIVE,0.25,0.35
2026-04-09 19:30:40.969868,ACTIVE,0.16,0.33
2026-04-09 19:30:41.043344,ACTIVE,0.16,0.33
2026-04-09 19:30:41.104228,ACTIVE,0.21,0.34
2026-04-09 19:30:41.196550,ACTIVE,0.21,0.34
2026-04-09 19:30:41.309423,ACTIVE,0.21,0.34
2026-04-09 19:30:41.464334,ACTIVE,0.21,0.34
2026-04-09 19:30:41.547287,ACTIVE,0.21,0.33
2026-04-09 19:30:41.624896,ACTIVE,0.2,0.32
2026-04-09 19:30:41.714342,ACTIVE,0.2,0.33
2026-04-09 19:30:41.798957,ACTIVE,0.2,0.33
2026-04-09 19:30:41.868929,ACTIVE,0.19,0.32
2026-04-09 19:30:41.945824,ACTIVE,0.19,0.34
2026-04-09 19:30:42.005488,ACTIVE,0.19,0.34
2026-04-09 19:30:42.071798,ACTIVE,0.25,0.34
2026-04-09 19:30:42.135985,ACTIVE,0.25,0.34
2026-04-09 19:30:42.197568,ACTIVE,0.23,0.34
2026-04-09 19:30:42.322071,ACTIVE,0.2,0.33
2026-04-09 19:30:42.418703,ACTIVE,0.2,0.33
2026-04-09 19:30:42.507900,ACTIVE,0.23,0.34
2026-04-09 19:30:42.574255,ACTIVE,0.22,0.33
2026-04-09 19:30:42.665362,ACTIVE,0.22,0.33
2026-04-09 19:30:42.758169,ACTIVE,0.22,0.33
2026-04-09 19:30:42.849568,ACTIVE,0.21,0.33
2026-04-09 19:30:42.942303,ACTIVE,0.21,0.33
2026-04-09 19:30:43.012929,ACTIVE,0.22,0.34
2026-04-09 19:30:43.091231,ACTIVE,0.21,0.34
2026-04-09 19:30:43.167187,ACTIVE,0.21,0.34
2026-04-09 19:30:43.252785,ACTIVE,0.21,0.34
2026-04-09 19:30:43.357240,ACTIVE,0.24,0.34
2026-04-09 19:30:50.195139,ACTIVE,0.38,0.18
2026-04-09 19:30:50.279259,ACTIVE,0.38,0.18
2026-04-09 19:30:50.464083,ACTIVE,0.19,0.28
2026-04-09 19:30:50.555328,ACTIVE,0.19,0.28
2026-04-09 19:30:50.638378,ACTIVE,0.18,0.28
2026-04-09 19:30:50.728151,ACTIVE,0.2,0.28
2026-04-09 19:30:50.819464,ACTIVE,0.2,0.27
2026-04-09 19:30:50.912146,ACTIVE,0.2,0.27
2026-04-09 19:30:51.013264,ACTIVE,0.13,0.28
2026-04-09 19:30:51.104605,ACTIVE,0.17,0.28
2026-04-09 19:30:51.186124,ACTIVE,0.17,0.28
2026-04-09 19:30:51.275354,ACTIVE,0.2,0.29
2026-04-09 19:30:51.361313,ACTIVE,0.21,0.29
2026-04-09 19:30:51.456153,ACTIVE,0.21,0.29
2026-04-09 19:30:51.555947,ACTIVE,0.21,0.29
2026-04-09 19:30:51.642033,ACTIVE,0.23,0.29
2026-04-09 19:30:51.721494,ACTIVE,0.24,0.29
2026-04-09 19:30:51.805593,ACTIVE,0.25,0.29
2026-04-09 19:30:51.888123,ACTIVE,0.25,0.29
2026-04-09 19:30:51.968736,ACTIVE,0.22,0.29
2026-04-09 19:30:52.044762,ACTIVE,0.22,0.29
2026-04-09 19:30:52.134199,ACTIVE,0.22,0.29
2026-04-09 19:30:52.214521,ACTIVE,0.2,0.29
2026-04-09 19:30:52.314528,ACTIVE,0.2,0.29
2026-04-09 19:30:52.408342,ACTIVE,0.19,0.29
2026-04-09 19:30:52.496209,ACTIVE,0.19,0.29
2026-04-09 19:30:52.590377,ACTIVE,0.24,0.29
2026-04-09 19:30:52.668546,ACTIVE,0.24,0.29
2026-04-09 19:30:52.749877,ACTIVE,0.26,0.29
2026-04-09 19:30:52.834635,ACTIVE,0.29,0.3
2026-04-09 19:30:52.920788,ACTIVE,0.29,0.3
2026-04-09 19:30:53.012827,ACTIVE,0.3,0.3
2026-04-09 19:30:53.106856,ACTIVE,0.3,0.3
2026-04-09 19:30:53.194917,ACTIVE,0.29,0.3
2026-04-09 19:30:53.326191,ACTIVE,0.29,0.3
2026-04-09 19:30:53.412570,ACTIVE,0.28,0.29
2026-04-09 19:30:53.545796,ACTIVE,0.27,0.31
2026-04-09 19:30:53.627409,ACTIVE,0.28,0.3
2026-04-09 19:30:53.716571,ACTIVE,0.1,0.3
2026-04-09 19:30:53.797976,ACTIVE,0.1,0.3
2026-04-09 19:30:53.887464,ACTIVE,0.18,0.3
2026-04-09 19:30:53.970620,ACTIVE,0.21,0.3
2026-04-09 19:30:54.055472,ACTIVE,0.21,0.3
2026-04-09 19:30:54.139145,ACTIVE,0.2,0.32
2026-04-09 19:30:54.224183,ACTIVE,0.19,0.33
2026-04-09 19:30:54.295505,ACTIVE,0.23,0.32
2026-04-09 19:30:54.385522,ACTIVE,0.23,0.32
2026-04-09 19:30:54.470138,ACTIVE,0.21,0.32
2026-04-09 19:30:54.558110,ACTIVE,0.21,0.32
2026-04-09 19:30:54.641741,ACTIVE,0.24,0.32
2026-04-09 19:30:54.711186,ACTIVE,0.21,0.3
2026-04-09 19:30:54.809059,ACTIVE,0.24,0.32
2026-04-09 19:30:54.882163,ACTIVE,0.24,0.32
2026-04-09 19:30:54.960078,ACTIVE,0.23,0.32
2026-04-09 19:30:55.055109,ACTIVE,0.23,0.32
2026-04-09 19:30:55.136130,ACTIVE,0.23,0.31
2026-04-09 19:30:55.212549,ACTIVE,0.25,0.32
2026-04-09 19:30:55.308539,ACTIVE,0.22,0.32
2026-04-09 19:30:55.386627,ACTIVE,0.22,0.32
2026-04-09 19:30:55.463494,ACTIVE,0.1,0.31
2026-04-09 19:30:55.555824,ACTIVE,0.1,0.31
2026-04-09 19:30:55.631631,ACTIVE,0.12,0.3
2026-04-09 19:30:55.713977,ACTIVE,0.18,0.31
2026-04-09 19:30:55.806177,ACTIVE,0.18,0.31
2026-04-09 19:30:55.902655,ACTIVE,0.2,0.31
2026-04-09 19:30:55.969944,ACTIVE,0.2,0.31
2026-04-09 19:30:56.059034,ACTIVE,0.2,0.31
2026-04-09 19:30:56.130290,ACTIVE,0.2,0.31
2026-04-09 19:30:56.205925,ACTIVE,0.21,0.31
2026-04-09 19:30:56.305728,ACTIVE,0.19,0.32
2026-04-09 19:30:56.377500,ACTIVE,0.19,0.32
2026-04-09 19:30:56.456197,ACTIVE,0.08,0.31
2026-04-09 19:30:56.542669,ACTIVE,0.08,0.31
2026-04-09 19:30:56.628924,ACTIVE,0.1,0.3
2026-04-09 19:30:56.707745,ACTIVE,0.09,0.31
2026-04-09 19:30:56.838408,ACTIVE,0.08,0.32
2026-04-09 19:30:56.924930,ACTIVE,0.08,0.32
2026-04-09 19:30:56.998613,ACTIVE,0.12,0.31
2026-04-09 19:30:57.076808,ACTIVE,0.17,0.31
2026-04-09 19:30:57.166763,ACTIVE,0.17,0.31
2026-04-09 19:30:57.245534,ACTIVE,0.19,0.31
2026-04-09 19:30:57.321836,ACTIVE,0.2,0.32
2026-04-09 19:30:57.418689,ACTIVE,0.2,0.32
2026-04-09 19:30:57.494321,ACTIVE,0.2,0.32
2026-04-09 19:30:57.576235,ACTIVE,0.2,0.32
2026-04-09 19:30:57.664899,ACTIVE,0.2,0.32
2026-04-09 19:30:57.763842,ACTIVE,0.21,0.32
2026-04-09 19:30:57.838437,ACTIVE,0.19,0.31
2026-04-09 19:30:57.920592,ACTIVE,0.19,0.31
2026-04-09 19:30:57.987709,ACTIVE,0.2,0.31
2026-04-09 19:30:58.072820,ACTIVE,0.11,0.31
2026-04-09 19:30:58.161375,ACTIVE,0.11,0.31
2026-04-09 19:30:58.238230,ACTIVE,0.09,0.3
2026-04-09 19:30:58.315034,ACTIVE,0.11,0.31
2026-04-09 19:30:58.402134,ACTIVE,0.11,0.31
2026-04-09 19:30:58.476091,ACTIVE,0.08,0.31
2026-04-09 19:30:58.549903,ACTIVE,0.08,0.31
2026-04-09 19:30:58.623439,ACTIVE,0.12,0.31
2026-04-09 19:30:58.706379,ACTIVE,0.11,0.31
2026-04-09 19:30:58.817490,ACTIVE,0.11,0.31
2026-04-09 19:30:58.899847,ACTIVE,0.11,0.31
2026-04-09 19:30:58.963381,ACTIVE,0.1,0.3
2026-04-09 19:31:00.124269,DROWSY,0.1,0.3
2026-04-09 19:31:01.232470,DROWSY,0.08,0.32
2026-04-09 19:31:02.562814,DROWSY,0.1,0.32
2026-04-09 19:31:03.873684,DROWSY,0.11,0.31
2026-04-09 19:31:05.017271,DROWSY,0.1,0.31
2026-04-09 19:31:06.151235,DROWSY,0.13,0.32
2026-04-09 19:31:07.246731,DROWSY,0.1,0.31
2026-04-09 19:31:08.494396,DROWSY,0.11,0.32
2026-04-09 19:31:09.536850,DROWSY,0.1,0.32
2026-04-09 19:31:10.852950,DROWSY,0.09,0.32
2026-04-09 19:31:11.053685,ACTIVE,0.2,0.34
2026-04-09 19:31:11.144664,ACTIVE,0.22,0.34
2026-04-09 19:31:11.234459,ACTIVE,0.21,0.33
2026-04-09 19:31:11.313255,ACTIVE,0.21,0.34
2026-04-09 19:31:11.396829,ACTIVE,0.21,0.34
2026-04-09 19:31:11.473014,ACTIVE,0.21,0.34
2026-04-09 19:31:11.560035,ACTIVE,0.21,0.34
2026-04-09 19:31:11.626039,ACTIVE,0.21,0.34
2026-04-09 19:31:11.703853,ACTIVE,0.09,0.32
2026-04-09 19:31:11.782627,ACTIVE,0.09,0.32
2026-04-09 19:31:11.854732,ACTIVE,0.13,0.33
2026-04-09 19:31:11.938242,ACTIVE,0.19,0.33
2026-04-09 19:31:12.019838,ACTIVE,0.19,0.33
2026-04-09 19:31:12.088492,ACTIVE,0.19,0.33
2026-04-09 19:31:12.163145,ACTIVE,0.19,0.33
2026-04-09 19:31:12.231878,ACTIVE,0.2,0.33
2026-04-09 19:31:12.313309,ACTIVE,0.19,0.33
2026-04-09 19:31:12.467290,ACTIVE,0.2,0.34
2026-04-09 19:31:12.575161,ACTIVE,0.2,0.34
2026-04-09 19:31:12.660382,ACTIVE,0.2,0.33
2026-04-09 19:31:12.741047,ACTIVE,0.2,0.33
2026-04-09 19:31:12.814096,ACTIVE,0.19,0.33
2026-04-09 19:31:12.879836,ACTIVE,0.19,0.33
2026-04-09 19:31:12.959684,ACTIVE,0.18,0.33
2026-04-09 19:31:13.063311,ACTIVE,0.19,0.33
2026-04-09 19:31:13.136761,ACTIVE,0.19,0.33
2026-04-09 19:31:13.209669,ACTIVE,0.2,0.33
2026-04-09 19:31:13.287545,ACTIVE,0.2,0.33
2026-04-09 19:31:13.366579,ACTIVE,0.19,0.33
2026-04-09 19:31:13.444039,ACTIVE,0.16,0.33
2026-04-09 19:31:13.588758,ACTIVE,0.09,0.33
2026-04-09 19:31:13.684366,ACTIVE,0.09,0.33
2026-04-09 19:31:13.759935,ACTIVE,0.17,0.33
2026-04-09 19:31:13.834527,ACTIVE,0.2,0.33
2026-04-09 19:31:13.915072,ACTIVE,0.2,0.33
2026-04-09 19:31:14.002527,ACTIVE,0.19,0.32
2026-04-09 19:31:15.149843,DROWSY,0.2,0.32
2026-04-09 19:31:16.184976,DROWSY,0.17,0.33
2026-04-09 19:31:17.405818,DROWSY,0.19,0.32
2026-04-09 19:31:18.634391,DROWSY,0.18,0.32
2026-04-09 19:31:19.966011,DROWSY,0.13,0.32
2026-04-09 19:31:21.199476,DROWSY,0.19,0.32
2026-04-09 19:31:22.525594,DROWSY,0.13,0.32
2026-04-09 19:31:23.754777,DROWSY,0.19,0.33
2026-04-09 19:31:25.086425,DROWSY,0.19,0.34
2026-04-09 19:31:26.212742,DROWSY,0.14,0.32
2026-04-09 19:31:26.354733,ACTIVE,0.21,0.3
2026-04-09 19:31:26.455409,ACTIVE,0.23,0.35
2026-04-09 19:31:26.557864,ACTIVE,0.23,0.35
2026-04-09 19:31:26.640028,ACTIVE,0.19,0.37
2026-04-09 19:31:26.719684,ACTIVE,0.23,0.33
2026-04-09 19:31:26.813597,ACTIVE,0.27,0.3
2026-04-09 19:31:26.884819,ACTIVE,0.27,0.3
2026-04-09 19:31:26.962629,ACTIVE,0.25,0.31
2026-04-09 19:31:27.025570,ACTIVE,0.25,0.31
2026-04-09 19:31:28.310450,ACTIVE,0.26,0.34
2026-04-09 19:31:28.375959,ACTIVE,0.26,0.34
2026-04-09 19:31:28.442066,ACTIVE,0.33,0.42
2026-04-09 19:31:28.520502,ACTIVE,0.33,0.42
2026-04-09 19:31:28.607143,ACTIVE,0.34,0.41
2026-04-09 19:31:28.696913,ACTIVE,0.25,0.34
2026-04-09 19:31:28.828362,ACTIVE,0.25,0.33
2026-04-09 19:31:28.921490,ACTIVE,0.25,0.33
2026-04-09 19:31:29.015719,ACTIVE,0.26,0.42
2026-04-09 19:31:29.100518,ACTIVE,0.28,0.33
2026-04-09 19:31:29.187265,ACTIVE,0.28,0.33
2026-04-09 19:31:29.279807,ACTIVE,0.22,0.32
2026-04-09 19:31:29.350850,ACTIVE,0.24,0.33
2026-04-09 19:31:29.435416,ACTIVE,0.24,0.33
2026-04-09 19:31:29.532680,ACTIVE,0.18,0.32
2026-04-09 19:31:29.609940,ACTIVE,0.22,0.33
2026-04-09 19:31:29.722930,ACTIVE,0.18,0.32
2026-04-09 19:31:29.818984,ACTIVE,0.24,0.33
2026-04-09 19:31:29.964343,ACTIVE,0.23,0.36
2026-04-09 19:31:30.057960,ACTIVE,0.23,0.36
2026-04-09 19:31:30.137000,ACTIVE,0.22,0.46
2026-04-09 19:31:30.222026,ACTIVE,0.21,0.42
2026-04-09 19:31:30.314290,ACTIVE,0.21,0.32
2026-04-09 19:31:30.400385,ACTIVE,0.21,0.32
2026-04-09 19:31:30.483124,ACTIVE,0.24,0.45
2026-04-09 19:31:30.593738,ACTIVE,0.16,0.5
2026-04-09 19:31:30.716477,ACTIVE,0.24,0.43
2026-04-09 19:31:30.824743,ACTIVE,0.24,0.43
2026-04-09 19:31:30.927928,ACTIVE,0.25,0.46
2026-04-09 19:31:31.010942,ACTIVE,0.22,0.47
2026-04-09 19:31:31.087551,ACTIVE,0.24,0.46
2026-04-09 19:31:31.159973,ACTIVE,0.24,0.46
2026-04-09 19:31:31.245170,ACTIVE,0.25,0.43
2026-04-09 19:31:31.334270,ACTIVE,0.24,0.54
2026-04-09 19:31:31.411823,ACTIVE,0.24,0.54
2026-04-09 19:31:31.499112,ACTIVE,0.24,0.5
2026-04-09 19:31:31.595375,ACTIVE,0.24,0.45
2026-04-09 19:31:31.723627,ACTIVE,0.26,0.4
2026-04-09 19:31:31.964352,ACTIVE,0.23,0.38
2026-04-09 19:31:32.086367,ACTIVE,0.28,0.38
2026-04-09 19:31:32.211252,ACTIVE,0.27,0.37
2026-04-09 19:31:32.331962,ACTIVE,0.21,0.38
2026-04-09 19:31:32.463463,ACTIVE,0.25,0.33
2026-04-09 19:31:32.597637,ACTIVE,0.26,0.34
2026-04-09 19:31:32.715950,ACTIVE,0.25,0.37
2026-04-09 19:31:32.837751,ACTIVE,0.3,0.37
2026-04-09 19:31:32.959594,ACTIVE,0.28,0.31
2026-04-09 19:31:33.081475,ACTIVE,0.29,0.26
2026-04-09 19:31:33.206255,ACTIVE,0.3,0.4
2026-04-09 19:31:33.446433,ACTIVE,0.27,0.34
2026-04-09 19:31:33.561680,ACTIVE,0.21,0.32
2026-04-09 19:36:21.136204,ACTIVE,0.35,0.18
2026-04-09 19:36:21.490972,ACTIVE,0.37,0.08
2026-04-09 19:36:21.872900,ACTIVE,0.31,0.31
2026-04-09 19:36:22.178580,ACTIVE,0.29,0.33
2026-04-09 19:36:22.491827,ACTIVE,0.3,0.33
2026-04-09 19:36:22.810856,ACTIVE,0.3,0.33
2026-04-09 19:40:48.867654,ACTIVE,0.29,0.34
2026-04-09 19:46:16.844919,ACTIVE,0.21,0.29
2026-04-09 20:59:36.483547,ACTIVE,0.27,0.29
2026-04-09 20:59:36.909825,ACTIVE,0.25,0.33
2026-04-09 20:59:37.320863,ACTIVE,0.22,0.33
2026-04-09 20:59:37.586964,ACTIVE,0.21,0.32
2026-04-09 20:59:37.869594,ACTIVE,0.27,0.32
2026-04-09 20:59:53.391109,ACTIVE,0.25,0.3
2026-04-09 20:59:53.752484,ACTIVE,0.22,0.32
2026-04-09 20:59:54.295961,ACTIVE,0.22,0.3
2026-04-09 21:06:19.638593,ACTIVE,0.28,0.34
2026-04-09 21:06:20.030142,ACTIVE,0.17,0.32
2026-04-09 21:06:20.435344,ACTIVE,0.27,0.27
2026-04-09 21:06:20.685431,ACTIVE,0.28,0.28
2026-04-09 21:12:07.958736,ACTIVE,0.31,0.35
2026-04-09 21:12:08.254243,ACTIVE,0.3,0.31
2026-04-09 21:12:10.910685,ACTIVE,0.24,0.32
2026-04-09 21:12:11.196306,ACTIVE,0.25,0.33
2026-04-09 21:12:11.467806,ACTIVE,0.24,0.33
2026-04-09 21:12:11.774239,ACTIVE,0.28,0.33
2026-04-09 21:12:12.070494,ACTIVE,0.25,0.33
2026-04-09 21:12:12.383437,ACTIVE,0.28,0.33
2026-04-09 21:12:12.692015,ACTIVE,0.28,0.33
2026-04-09 21:12:12.987900,ACTIVE,0.25,0.32
2026-04-09 21:12:13.288917,ACTIVE,0.21,0.33
2026-04-09 21:12:13.584592,ACTIVE,0.19,0.34
2026-04-09 21:12:13.909287,ACTIVE,0.27,0.34
2026-04-09 21:12:14.240480,ACTIVE,0.22,0.33
2026-04-09 21:12:14.501397,ACTIVE,0.24,0.32
2026-04-09 21:12:14.863262,ACTIVE,0.26,0.35
2026-04-09 21:12:15.186454,ACTIVE,0.22,0.32
2026-04-09 21:12:15.487328,ACTIVE,0.24,0.33
2026-04-09 21:12:15.815674,ACTIVE,0.24,0.33
2026-04-09 21:12:16.100578,ACTIVE,0.18,0.33
2026-04-09 21:12:16.391439,ACTIVE,0.18,0.33
2026-04-09 21:12:16.704537,ACTIVE,0.14,0.33
2026-04-09 21:12:17.005846,ACTIVE,0.16,0.32
2026-04-09 21:12:17.302919,ACTIVE,0.17,0.32
2026-04-09 21:12:17.628820,ACTIVE,0.15,0.32
2026-04-09 21:12:17.930826,ACTIVE,0.16,0.32
2026-04-09 21:12:18.217679,ACTIVE,0.17,0.33
2026-04-09 21:12:18.512174,ACTIVE,0.15,0.33
2026-04-09 21:12:18.807183,ACTIVE,0.15,0.32
2026-04-09 21:12:19.126983,ACTIVE,0.16,0.31
2026-04-09 21:12:19.425341,ACTIVE,0.19,0.26
2026-04-09 21:12:19.740519,ACTIVE,0.19,0.34
2026-04-09 21:12:20.063213,ACTIVE,0.15,0.32
2026-04-09 21:12:20.402656,ACTIVE,0.18,0.34
2026-04-09 21:12:22.361498,DROWSY,0.19,0.34
